frame,type,left,reference,left_label,reference_label,iou
adasind_261480.jpg,mismatching_attributes,3,7,Bike,Bike,0.975
adasind_261480.jpg,mismatching_attributes,4,2,Bike,Bike,0.870
adasind_261480.jpg,extra_annotation,2,,Bike,,N/A
adasind_261480.jpg,missing_annotation,,5,,ThreeWheeler,N/A
adasind_261480.jpg,missing_annotation,,6,,ThreeWheeler,N/A
adasind_265065.jpg,extra_annotation,2,,Bike,,N/A
adasind_265065.jpg,missing_annotation,,1,,Pedestrian,N/A
adasind_265065.jpg,missing_annotation,,2,,Pedestrian,N/A
adasind_265065.jpg,missing_annotation,,5,,Bike,N/A
adasind_265065.jpg,missing_annotation,,6,,Pedestrian,N/A
adasind_265065.jpg,missing_annotation,,7,,Pedestrian,N/A
adasind_265065.jpg,missing_annotation,,8,,Pedestrian,N/A
